{
    "accuracy": 0.602,
    "roc_auc": 0.643,
    "classification_report": {
        "0": {
            "precision": 0.5963050314465409,
            "recall": 0.6115702479338843,
            "f1-score": 0.6038411782266893,
            "support": 4961.0
        },
        "1": {
            "precision": 0.6076954397394136,
            "recall": 0.5923794403651518,
            "f1-score": 0.5999397045523063,
            "support": 5039.0
        },
        "accuracy": 0.6019,
        "macro avg": {
            "precision": 0.6020002355929772,
            "recall": 0.6019748441495181,
            "f1-score": 0.6018904413894978,
            "support": 10000.0
        },
        "weighted avg": {
            "precision": 0.6020446581853195,
            "recall": 0.6019,
            "f1-score": 0.6018752256421676,
            "support": 10000.0
        }
    },
    "confusion_matrix": [
        [
            3034,
            1927
        ],
        [
            2054,
            2985
        ]
    ],
    "roc_curve": {
        "fpr": [
            0.0,
            0.3884297520661157,
            1.0
        ],
        "tpr": [
            0.0,
            0.5923794403651518,
            1.0
        ]
    }
}